	Confidence Level	Correct_question_count	Document Name	Question Accuracy	Total Question count
0	0.027777777777777776	23	FrontierBase	0.6388888888888888	36
0	0.42105263157894735	26	MenuBoardBase	0.6842105263157895	38
