	Correct_question_count	Document Name	Question Accuracy	Segment Accuracy	Total Question count
0	23	FrontierBase	0.6388888888888888	0.9087301587301587	36
0	26	MenuBoardBase	0.6842105263157895	0.9323308270676691	38
